GuestID,FirstName,LastName,Email,PhoneNumber,Address,City,Country
1,John,Doe,john.doe@example.com,1234567890,123 Maple St,New York,USA
2,Jane,Smith,jane.smith@example.com,0987654321,456 Oak St,Chicago,USA
3,Michael,Brown,michael.brown@example.com,5555555555,789 Pine St,Los Angeles,USA
4,Emily,Davis,emily.davis@example.com,4444444444,321 Birch St,San Francisco,USA
5,Daniel,Garcia,daniel.garcia@example.com,3333333333,987 Cedar St,Dallas,USA
6,Sophia,Miller,sophia.miller@example.com,2222222222,159 Elm St,Houston,USA
7,William,Wilson,william.wilson@example.com,1111111111,753 Willow St,Boston,USA
8,Olivia,Martinez,olivia.martinez@example.com,6666666666,357 Ash St,Miami,USA
9,James,Taylor,james.taylor@example.com,7777777777,951 Poplar St,Seattle,USA
10,Isabella,Anderson,isabella.anderson@example.com,8888888888,159 Redwood St,Denver,USA
11,Lucas,Thomas,lucas.thomas@example.com,9999999999,753 Cypress St,Las Vegas,USA
12,Mia,Jackson,mia.jackson@example.com,1234567891,357 Fir St,San Diego,USA
13,Ethan,White,ethan.white@example.com,2234567890,951 Spruce St,Austin,USA
14,Ava,Harris,ava.harris@example.com,3234567890,753 Chestnut St,Atlanta,USA
15,Liam,Martin,liam.martin@example.com,4234567890,159 Magnolia St,Phoenix,USA
16,Charlotte,Lee,charlotte.lee@example.com,5234567890,357 Sequoia St,Orlando,USA
17,Mason,Perez,mason.perez@example.com,6234567890,951 Larch St,Philadelphia,USA
18,Amelia,Thompson,amelia.thompson@example.com,7234567890,753 Hickory St,Nashville,USA
19,Henry,Lopez,henry.lopez@example.com,8234567890,159 Juniper St,Detroit,USA
20,Ella,Gonzalez,ella.gonzalez@example.com,9234567890,357 Beech St,San Antonio,USA
